,https://www.facebook.com/share/p/1PQAbmNffy/?mibextid=wwXIfr,https://www.facebook.com/share/1PnhwfUPKA/?mibextid=wwXIfr
,https://www.facebook.com/share/p/1BEwhjLJ1X/?mibextid=wwXIfr,https://www.facebook.com/share/17uGcvA8sx/?mibextid=wwXIfr
,https://www.facebook.com/share/p/18onmBkbJM/?mibextid=wwXIfr,https://www.facebook.com/share/1DsSU4mudE/?mibextid=wwXIfr
,https://www.facebook.com/share/p/1Bo52Cpmqy/?mibextid=wwXIfr,https://www.facebook.com/share/1DCjheNDSo/?mibextid=wwXIfr
,https://www.facebook.com/share/p/14kGdierK8Z/?mibextid=wwXIfr,https://www.facebook.com/share/19FULQFPSP/?mibextid=wwXIfr
,https://www.facebook.com/share/p/1JstX5iHDK/?mibextid=wwXIfr,https://www.facebook.com/share/1DCQnZfiND/?mibextid=wwXIfr
,https://www.facebook.com/share/p/19sCdwR7SN/?mibextid=wwXIfr,https://www.facebook.com/share/1Kx44pwotC/?mibextid=wwXIfr
,https://www.facebook.com/share/p/1EYnQW3Mqo/?mibextid=wwXIfr,https://www.facebook.com/share/19AMTiufZi/?mibextid=wwXIfr
,https://www.facebook.com/share/p/1GfoghmsvR/?mibextid=wwXIfr,https://www.facebook.com/share/1BQnpAx7dW/?mibextid=wwXIfr
,https://www.facebook.com/share/p/1948tHx5Qm/?mibextid=wwXIfr,https://www.facebook.com/share/1DugkBG2NJ/?mibextid=wwXIfr
,https://www.facebook.com/share/p/1LtwsCmoYZ/?mibextid=wwXIfr,https://www.facebook.com/share/1BXtjwdpVG/?mibextid=wwXIfr
,https://www.facebook.com/share/p/1DToGox3t2/?mibextid=wwXIfr,https://www.facebook.com/share/1JgvcMGASR/?mibextid=wwXIfr
,https://www.facebook.com/share/p/1MHyKBTKPW/?mibextid=wwXIfr,https://www.facebook.com/share/18sRPBtAYP/?mibextid=wwXIfr
,https://www.facebook.com/share/p/1HPRVvUy3v/?mibextid=wwXIfr,https://www.facebook.com/share/18FkbLSMfS/?mibextid=wwXIfr
,,https://www.facebook.com/share/p/1JDwfdohJv/?mibextid=wwXIfr,https://www.facebook.com/share/19Z8hVLeQV/?mibextid=wwXIfr
,,https://www.facebook.com/share/p/1Fx5y1ELvS/?mibextid=wwXIfr,https://www.facebook.com/ArtatThonlgor25,Art@Thonglor 25,,2026-07-26
,,https://www.facebook.com/groups/374078016708868/permalink/2252816845501633/,https://www.facebook.com/kwang.pradthana/,The ace เอกมัย,,2026-07-26
,,https://www.facebook.com/share/p/1Ct5kSHt4s/?mibextid=wwXIfr,https://www.facebook.com/share/1PhXFd7rdA/?mibextid=wwXIfr,The nest s 64,,2026-07-26
,,https://www.facebook.com/share/p/1DCuPX69UA/,https://www.facebook.com/noppasorn.nilprabhassorn.1/,Chapter one Eco รัชดา - ห้วยขวาง,,2026-07-26
,คอม 5% โควต้าต่างชาติ,https://www.facebook.com/share/p/1D1oKBZdTG/?mibextid=wwXIfr,https://www.facebook.com/share/1DHusosQeL/?mibextid=wwXIfr,Life Asoke Hype (ไลฟ์ อโศก ไฮป์),14500000,2026-07-27
,,https://www.facebook.com/share/p/1BvBDQeZTr/,https://www.facebook.com/lordoftheland.estate/,Culture Thonglor (คัลเจอร์ ทองหล่อ),22000,2026-07-27
,เช็คก่อน,https://www.facebook.com/share/p/1Bsci3ZoXv/,https://www.facebook.com/poorapee.watcha.7/,The Tree Sukhumvit 71 - Ekkamai (เดอะ ทรี สุขุมวิท 71 - เอกมัย),22000,2026-07-27
,,https://www.facebook.com/share/p/18zN6yGFHV/,https://www.facebook.com/kittinan.samuthrsindh/,Thonglor Tower (ทองหล่อ ทาวเวอร์),"15,000",2026-07-27
,,,https://www.facebook.com/share/1DatMeZRAi/?mibextid=wwXIfr,https://www.facebook.com/share/19LgBEaJq5/?mibextid=wwXIfr,Ceil by Sansiri (ซีล บาย แสนสิริ),18000,2026-07-27
